-- MySQL dump 10.13  Distrib 5.7.26, for Linux (x86_64)
--
-- Host: rest.yining.site    Database: restroom
-- ------------------------------------------------------
-- Server version	5.5.5-10.1.37-MariaDB

/*!40101 SET @OLD_CHARACTER_SET_CLIENT=@@CHARACTER_SET_CLIENT */;
/*!40101 SET @OLD_CHARACTER_SET_RESULTS=@@CHARACTER_SET_RESULTS */;
/*!40101 SET @OLD_COLLATION_CONNECTION=@@COLLATION_CONNECTION */;
/*!40101 SET NAMES utf8 */;
/*!40103 SET @OLD_TIME_ZONE=@@TIME_ZONE */;
/*!40103 SET TIME_ZONE='+00:00' */;
/*!40014 SET @OLD_UNIQUE_CHECKS=@@UNIQUE_CHECKS, UNIQUE_CHECKS=0 */;
/*!40014 SET @OLD_FOREIGN_KEY_CHECKS=@@FOREIGN_KEY_CHECKS, FOREIGN_KEY_CHECKS=0 */;
/*!40101 SET @OLD_SQL_MODE=@@SQL_MODE, SQL_MODE='NO_AUTO_VALUE_ON_ZERO' */;
/*!40111 SET @OLD_SQL_NOTES=@@SQL_NOTES, SQL_NOTES=0 */;

--
-- Table structure for table `device_board`
--

DROP TABLE IF EXISTS `device_board`;
/*!40101 SET @saved_cs_client     = @@character_set_client */;
/*!40101 SET character_set_client = utf8 */;
CREATE TABLE `device_board` (
  `boar_id` int(11) NOT NULL AUTO_INCREMENT,
  `create_time` datetime DEFAULT NULL,
  `ip` varchar(255) DEFAULT NULL,
  `status` int(11) DEFAULT NULL,
  `rest_room_id` int(11) DEFAULT NULL,
  `online` int(11) DEFAULT NULL,
  PRIMARY KEY (`boar_id`),
  KEY `FKrnu3bw1vwih1dbv1gbefyxqwk` (`rest_room_id`)
) ENGINE=MyISAM DEFAULT CHARSET=utf8;
/*!40101 SET character_set_client = @saved_cs_client */;

--
-- Dumping data for table `device_board`
--

LOCK TABLES `device_board` WRITE;
/*!40000 ALTER TABLE `device_board` DISABLE KEYS */;
/*!40000 ALTER TABLE `device_board` ENABLE KEYS */;
UNLOCK TABLES;

--
-- Table structure for table `device_camera`
--

DROP TABLE IF EXISTS `device_camera`;
/*!40101 SET @saved_cs_client     = @@character_set_client */;
/*!40101 SET character_set_client = utf8 */;
CREATE TABLE `device_camera` (
  `camera_id` int(11) NOT NULL AUTO_INCREMENT,
  `create_time` datetime DEFAULT NULL,
  `ip` varchar(255) DEFAULT NULL,
  `password` varchar(255) DEFAULT NULL,
  `remark` varchar(255) DEFAULT NULL,
  `status` int(11) DEFAULT NULL,
  `username` varchar(255) DEFAULT NULL,
  `rest_room_id` int(11) DEFAULT NULL,
  `live_url` varchar(255) DEFAULT NULL,
  `rtsp` varchar(255) DEFAULT NULL,
  `online` int(11) DEFAULT NULL,
  PRIMARY KEY (`camera_id`),
  KEY `FKld32fx6oj3j5fp2jf55vov8ta` (`rest_room_id`)
) ENGINE=MyISAM AUTO_INCREMENT=10 DEFAULT CHARSET=utf8;
/*!40101 SET character_set_client = @saved_cs_client */;

--
-- Dumping data for table `device_camera`
--

LOCK TABLES `device_camera` WRITE;
/*!40000 ALTER TABLE `device_camera` DISABLE KEYS */;
INSERT INTO `device_camera` VALUES (1,'2019-05-23 20:54:42','192.168.10.5','ab123456',NULL,1,'admin',1,'http://47.99.207.5:88/stream/hls_1/film.m3u8','rtsp://admin:ab123456@192.168.10.5/h264/ch1/main/av_stream',0),(2,'2019-05-23 20:56:27','192.168.11.72','hik123456',NULL,1,'admin',32,'http://47.99.207.5:88/stream/hls_2/film.m3u8','rtsp://admin:hik123456@192.168.11.72/h264/ch1/main/av_stream',0),(3,'2019-05-23 21:09:57','192.168.11.52','hik123456',NULL,1,'admin',33,'http://47.99.207.5:88/stream/hls_3/film.m3u8','rtsp://admin:hik123456@192.168.11.52/h264/ch1/main/av_stream',0),(4,'2019-05-23 21:12:43','192.168.11.62','hik123456',NULL,1,'admin',34,'http://47.99.207.5:88/stream/hls_4/film.m3u8','rtsp://admin:hik123456@192.168.11.62/h264/ch1/main/av_stream',0),(5,'2019-05-23 21:14:17','192.168.11.22','hik123456',NULL,1,'admin',35,'http://47.99.207.5:88/stream/hls_5/film.m3u8','rtsp://admin:hik123456@192.168.11.22/h264/ch1/main/av_stream',0),(6,'2019-05-23 21:15:22','192.168.11.32','hik123456',NULL,1,'admin',36,'http://47.99.207.5:88/stream/hls_6/film.m3u8','rtsp://admin:hik123456@192.168.11.32/h264/ch1/main/av_stream',0),(7,'2019-05-23 21:16:44','192.168.11.82','hik123456',NULL,1,'admin',37,'http://47.99.207.5:88/stream/hls_7/film.m3u8','rtsp://admin:hik123456@192.168.11.82/h264/ch1/main/av_stream',0),(8,'2019-05-23 21:17:48','192.168.11.42','hik123456',NULL,1,'admin',38,'http://47.99.207.5:88/stream/hls_8/film.m3u8','rtsp://admin:hik123456@192.168.11.42/h264/ch1/main/av_stream',0),(9,'2019-05-23 21:19:28','192.168.11.92','hik123456',NULL,1,'admin',39,'http://47.99.207.5:88/stream/hls_9/film.m3u8','rtsp://admin:hik123456@192.168.11.92/h264/ch1/main/av_stream',0);
/*!40000 ALTER TABLE `device_camera` ENABLE KEYS */;
UNLOCK TABLES;

--
-- Table structure for table `device_gas`
--

DROP TABLE IF EXISTS `device_gas`;
/*!40101 SET @saved_cs_client     = @@character_set_client */;
/*!40101 SET character_set_client = utf8 */;
CREATE TABLE `device_gas` (
  `id` int(11) NOT NULL AUTO_INCREMENT,
  `create_time` datetime DEFAULT NULL,
  `gas_device_id` int(11) DEFAULT NULL,
  `gas_device_parent_id` int(11) DEFAULT NULL,
  `status` int(11) DEFAULT NULL,
  `type` int(11) DEFAULT NULL,
  `rest_room_id` int(11) DEFAULT NULL,
  PRIMARY KEY (`id`),
  KEY `FKtq0fffr82k8wi4oxou0ntf15q` (`rest_room_id`)
) ENGINE=MyISAM AUTO_INCREMENT=37 DEFAULT CHARSET=utf8;
/*!40101 SET character_set_client = @saved_cs_client */;

--
-- Dumping data for table `device_gas`
--

LOCK TABLES `device_gas` WRITE;
/*!40000 ALTER TABLE `device_gas` DISABLE KEYS */;
INSERT INTO `device_gas` VALUES (1,'2019-05-23 20:55:16',200015,100001,1,0,1),(2,'2019-05-23 20:55:30',200012,100001,1,2,1),(3,'2019-05-23 20:55:42',200014,100001,1,1,1),(4,'2019-05-23 20:55:52',200013,100001,1,3,1),(5,'2019-05-23 20:57:04',200032,100004,1,0,32),(6,'2019-05-23 21:08:43',200031,100004,1,2,32),(7,'2019-05-23 21:09:00',200030,100004,1,1,32),(8,'2019-05-23 21:09:09',200025,100004,1,3,32),(9,'2019-05-23 21:11:54',200004,100005,1,0,33),(10,'2019-05-23 21:12:05',200001,100005,1,2,33),(11,'2019-05-23 21:12:14',200003,100005,1,1,33),(12,'2019-05-23 21:12:23',200002,100005,1,3,33),(13,'2019-05-23 21:13:25',200024,100003,1,0,34),(14,'2019-05-23 21:13:40',200029,100003,1,2,34),(15,'2019-05-23 21:13:48',200027,100003,1,1,34),(16,'2019-05-23 21:13:55',200022,100003,1,3,34),(17,'2019-05-23 21:14:37',200011,100006,1,0,35),(18,'2019-05-23 21:14:47',2000009,100006,1,2,35),(19,'2019-05-23 21:14:55',200010,100006,1,1,35),(20,'2019-05-23 21:15:04',200016,100006,1,3,35),(21,'2019-05-23 21:15:41',200017,100008,1,0,36),(22,'2019-05-23 21:15:56',200020,100008,1,2,36),(23,'2019-05-23 21:16:04',200018,100008,1,1,36),(24,'2019-05-23 21:16:12',200019,100008,1,3,36),(25,'2019-05-23 21:17:06',200023,100002,1,0,37),(26,'2019-05-23 21:17:15',200028,100002,1,2,37),(27,'2019-05-23 21:17:22',200021,100002,1,1,37),(28,'2019-05-23 21:17:28',200026,100002,1,3,37),(29,'2019-05-23 21:18:05',200038,10003,1,0,38),(30,'2019-05-23 21:18:12',200039,10003,1,2,38),(31,'2019-05-23 21:18:20',200040,10003,1,1,38),(32,'2019-05-23 21:18:31',200037,10003,1,3,38),(33,'2019-05-23 21:19:44',200036,100009,1,0,39),(34,'2019-05-23 21:19:53',200034,100009,1,2,39),(35,'2019-05-23 21:20:00',200035,100009,1,1,39),(36,'2019-05-23 21:20:09',200033,100009,1,3,39);
/*!40000 ALTER TABLE `device_gas` ENABLE KEYS */;
UNLOCK TABLES;

--
-- Table structure for table `info_gas`
--

DROP TABLE IF EXISTS `info_gas`;
/*!40101 SET @saved_cs_client     = @@character_set_client */;
/*!40101 SET character_set_client = utf8 */;
CREATE TABLE `info_gas` (
  `id` int(11) NOT NULL AUTO_INCREMENT,
  `create_time` datetime DEFAULT NULL,
  `score` float DEFAULT NULL,
  `status` int(11) DEFAULT NULL,
  `update_time` datetime DEFAULT NULL,
  `gas_id` int(11) DEFAULT NULL,
  `rest_room_id` int(11) DEFAULT NULL,
  `func_id` int(11) DEFAULT NULL,
  `gas_device_id` int(11) DEFAULT NULL,
  PRIMARY KEY (`id`),
  KEY `FK359x3y0kv326d8pwmk200cp7l` (`gas_id`),
  KEY `FKf1jk2ynlmyxbrwbgfuwb84ss2` (`gas_device_id`),
  KEY `FKs2be53uuq3gbm5c3199hevf8k` (`rest_room_id`)
) ENGINE=MyISAM DEFAULT CHARSET=utf8;
/*!40101 SET character_set_client = @saved_cs_client */;

--
-- Dumping data for table `info_gas`
--

LOCK TABLES `info_gas` WRITE;
/*!40000 ALTER TABLE `info_gas` DISABLE KEYS */;
/*!40000 ALTER TABLE `info_gas` ENABLE KEYS */;
UNLOCK TABLES;

--
-- Table structure for table `info_passenger_flow`
--

DROP TABLE IF EXISTS `info_passenger_flow`;
/*!40101 SET @saved_cs_client     = @@character_set_client */;
/*!40101 SET character_set_client = utf8 */;
CREATE TABLE `info_passenger_flow` (
  `id` int(11) NOT NULL AUTO_INCREMENT,
  `channel_name` varchar(255) DEFAULT NULL,
  `create_time` datetime DEFAULT NULL,
  `ip` varchar(255) DEFAULT NULL,
  `number` int(11) DEFAULT NULL,
  `update_time` datetime DEFAULT NULL,
  `rest_room_id` int(11) DEFAULT NULL,
  PRIMARY KEY (`id`),
  KEY `FKfkoi6q7vup4iorfal4yw01qk5` (`rest_room_id`)
) ENGINE=MyISAM AUTO_INCREMENT=670 DEFAULT CHARSET=utf8;
/*!40101 SET character_set_client = @saved_cs_client */;

--
-- Dumping data for table `info_passenger_flow`
--

LOCK TABLES `info_passenger_flow` WRITE;
/*!40000 ALTER TABLE `info_passenger_flow` DISABLE KEYS */;
INSERT INTO `info_passenger_flow` VALUES (1,NULL,'2019-05-23 21:27:51','192.168.11.21',0,'2019-05-23 21:27:51',35),(2,NULL,'2019-05-23 21:27:51','192.168.11.31',0,'2019-05-23 21:27:51',36),(3,NULL,'2019-05-23 21:27:51','192.168.10.4',0,'2019-05-23 21:27:51',1),(4,NULL,'2019-05-23 21:27:51','192.168.11.41',0,'2019-05-23 21:27:51',38),(5,NULL,'2019-05-23 21:27:51','192.168.11.51',0,'2019-05-23 21:27:51',33),(6,NULL,'2019-05-23 21:27:51','192.168.11.61',0,'2019-05-23 21:27:51',34),(7,NULL,'2019-05-23 21:27:52','192.168.11.91',0,'2019-05-23 21:27:52',39),(8,NULL,'2019-05-23 21:27:52','192.168.11.71',0,'2019-05-23 21:27:52',32),(9,NULL,'2019-05-23 21:27:52','192.168.11.81',0,'2019-05-23 21:27:52',37),(10,NULL,'2019-05-23 21:57:51','192.168.11.71',0,'2019-05-23 21:57:51',32),(11,NULL,'2019-05-23 21:57:51','192.168.11.81',0,'2019-05-23 21:57:51',37),(12,NULL,'2019-05-23 21:57:51','192.168.11.41',0,'2019-05-23 21:57:51',38),(13,NULL,'2019-05-23 21:57:51','192.168.10.4',0,'2019-05-23 21:57:51',1),(14,NULL,'2019-05-23 21:57:51','192.168.11.21',0,'2019-05-23 21:57:51',35),(15,NULL,'2019-05-23 21:57:51','192.168.11.91',0,'2019-05-23 21:57:51',39),(16,NULL,'2019-05-23 21:57:51','192.168.11.61',0,'2019-05-23 21:57:51',34),(17,NULL,'2019-05-23 21:57:51','192.168.11.31',0,'2019-05-23 21:57:51',36),(18,NULL,'2019-05-23 22:27:51','192.168.11.41',0,'2019-05-23 22:27:51',38),(19,NULL,'2019-05-23 22:27:51','192.168.11.31',0,'2019-05-23 22:27:51',36),(20,NULL,'2019-05-23 22:27:51','192.168.11.21',0,'2019-05-23 22:27:51',35),(21,NULL,'2019-05-23 22:27:52','192.168.11.61',0,'2019-05-23 22:27:52',34),(22,NULL,'2019-05-23 22:27:52','192.168.11.71',0,'2019-05-23 22:27:52',32),(23,NULL,'2019-05-23 22:27:52','192.168.11.91',0,'2019-05-23 22:27:52',39),(24,NULL,'2019-05-23 22:27:52','192.168.10.4',0,'2019-05-23 22:27:52',1),(25,NULL,'2019-05-23 22:27:52','192.168.11.81',0,'2019-05-23 22:27:52',37),(26,NULL,'2019-05-23 22:57:50','192.168.11.61',0,'2019-05-23 22:57:50',34),(27,NULL,'2019-05-23 22:57:50','192.168.11.41',0,'2019-05-23 22:57:50',38),(28,NULL,'2019-05-23 22:57:51','192.168.11.71',0,'2019-05-23 22:57:51',32),(29,NULL,'2019-05-23 22:57:51','192.168.11.91',0,'2019-05-23 22:57:51',39),(30,NULL,'2019-05-23 22:57:51','192.168.11.21',0,'2019-05-23 22:57:51',35),(31,NULL,'2019-05-23 22:57:51','192.168.10.4',0,'2019-05-23 22:57:51',1),(32,NULL,'2019-05-23 22:57:51','192.168.11.81',0,'2019-05-23 22:57:51',37),(33,NULL,'2019-05-23 22:57:51','192.168.11.31',0,'2019-05-23 22:57:51',36),(34,NULL,'2019-05-23 23:27:50','192.168.10.4',0,'2019-05-23 23:27:50',1),(35,NULL,'2019-05-23 23:27:50','192.168.11.31',0,'2019-05-23 23:27:50',36),(36,NULL,'2019-05-23 23:27:51','192.168.11.91',0,'2019-05-23 23:27:51',39),(37,NULL,'2019-05-23 23:27:51','192.168.11.71',0,'2019-05-23 23:27:51',32),(38,NULL,'2019-05-23 23:27:51','192.168.11.21',0,'2019-05-23 23:27:51',35),(39,NULL,'2019-05-23 23:27:51','192.168.11.61',0,'2019-05-23 23:27:51',34),(40,NULL,'2019-05-23 23:27:51','192.168.11.41',0,'2019-05-23 23:27:51',38),(41,NULL,'2019-05-23 23:27:52','192.168.11.81',0,'2019-05-23 23:27:52',37),(42,NULL,'2019-05-23 23:57:51','192.168.11.21',0,'2019-05-23 23:57:51',35),(43,NULL,'2019-05-23 23:57:51','192.168.10.4',0,'2019-05-23 23:57:51',1),(44,NULL,'2019-05-23 23:57:51','192.168.11.41',0,'2019-05-23 23:57:51',38),(45,NULL,'2019-05-23 23:57:51','192.168.11.91',0,'2019-05-23 23:57:51',39),(46,NULL,'2019-05-23 23:57:51','192.168.11.31',0,'2019-05-23 23:57:51',36),(47,NULL,'2019-05-23 23:57:51','192.168.11.61',0,'2019-05-23 23:57:51',34),(48,NULL,'2019-05-23 23:57:52','192.168.11.71',0,'2019-05-23 23:57:52',32),(49,NULL,'2019-05-23 23:57:52','192.168.11.81',0,'2019-05-23 23:57:52',37),(50,NULL,'2019-05-24 00:57:51','192.168.11.91',0,'2019-05-24 00:57:51',39),(51,NULL,'2019-05-24 00:57:51','192.168.10.4',0,'2019-05-24 00:57:51',1),(52,NULL,'2019-05-24 00:57:51','192.168.11.31',0,'2019-05-24 00:57:51',36),(53,NULL,'2019-05-24 00:57:51','192.168.11.41',0,'2019-05-24 00:57:51',38),(54,NULL,'2019-05-24 00:57:51','192.168.11.71',0,'2019-05-24 00:57:51',32),(55,NULL,'2019-05-24 00:57:52','192.168.11.61',0,'2019-05-24 00:57:52',34),(56,NULL,'2019-05-24 00:57:52','192.168.11.81',0,'2019-05-24 00:57:52',37),(57,NULL,'2019-05-24 00:57:52','192.168.11.21',0,'2019-05-24 00:57:52',35),(58,NULL,'2019-05-24 01:27:50','192.168.11.71',0,'2019-05-24 01:27:50',32),(59,NULL,'2019-05-24 01:27:51','192.168.10.4',0,'2019-05-24 01:27:51',1),(60,NULL,'2019-05-24 01:27:51','192.168.11.41',0,'2019-05-24 01:27:51',38),(61,NULL,'2019-05-24 01:27:51','192.168.11.61',0,'2019-05-24 01:27:51',34),(62,NULL,'2019-05-24 01:27:51','192.168.11.31',0,'2019-05-24 01:27:51',36),(63,NULL,'2019-05-24 01:27:51','192.168.11.21',0,'2019-05-24 01:27:51',35),(64,NULL,'2019-05-24 01:27:51','192.168.11.91',0,'2019-05-24 01:27:51',39),(65,NULL,'2019-05-24 01:27:51','192.168.11.81',0,'2019-05-24 01:27:51',37),(66,NULL,'2019-05-24 01:57:51','192.168.11.31',0,'2019-05-24 01:57:51',36),(67,NULL,'2019-05-24 01:57:51','192.168.11.41',0,'2019-05-24 01:57:51',38),(68,NULL,'2019-05-24 01:57:51','192.168.11.81',0,'2019-05-24 01:57:51',37),(69,NULL,'2019-05-24 01:57:51','192.168.10.4',0,'2019-05-24 01:57:51',1),(70,NULL,'2019-05-24 01:57:51','192.168.11.61',0,'2019-05-24 01:57:51',34),(71,NULL,'2019-05-24 01:57:52','192.168.11.71',0,'2019-05-24 01:57:52',32),(72,NULL,'2019-05-24 01:57:52','192.168.11.21',0,'2019-05-24 01:57:52',35),(73,NULL,'2019-05-24 01:57:52','192.168.11.91',0,'2019-05-24 01:57:52',39),(74,NULL,'2019-05-24 02:27:51','192.168.11.71',0,'2019-05-24 02:27:51',32),(75,NULL,'2019-05-24 02:27:51','192.168.10.4',0,'2019-05-24 02:27:51',1),(76,NULL,'2019-05-24 02:27:51','192.168.11.41',0,'2019-05-24 02:27:51',38),(77,NULL,'2019-05-24 02:27:51','192.168.11.21',0,'2019-05-24 02:27:51',35),(78,NULL,'2019-05-24 02:27:51','192.168.11.31',0,'2019-05-24 02:27:51',36),(79,NULL,'2019-05-24 02:27:51','192.168.11.91',0,'2019-05-24 02:27:51',39),(80,NULL,'2019-05-24 02:27:51','192.168.11.81',0,'2019-05-24 02:27:51',37),(81,NULL,'2019-05-24 02:27:51','192.168.11.61',0,'2019-05-24 02:27:51',34),(82,NULL,'2019-05-24 02:57:50','192.168.11.31',0,'2019-05-24 02:57:50',36),(83,NULL,'2019-05-24 02:57:51','192.168.11.81',0,'2019-05-24 02:57:51',37),(84,NULL,'2019-05-24 02:57:51','192.168.11.91',0,'2019-05-24 02:57:51',39),(85,NULL,'2019-05-24 02:57:51','192.168.11.71',0,'2019-05-24 02:57:51',32),(86,NULL,'2019-05-24 02:57:51','192.168.11.21',0,'2019-05-24 02:57:51',35),(87,NULL,'2019-05-24 02:57:51','192.168.11.41',0,'2019-05-24 02:57:51',38),(88,NULL,'2019-05-24 02:57:51','192.168.10.4',0,'2019-05-24 02:57:51',1),(89,NULL,'2019-05-24 02:57:51','192.168.11.61',0,'2019-05-24 02:57:51',34),(90,NULL,'2019-05-24 03:27:51','192.168.11.41',0,'2019-05-24 03:27:51',38),(91,NULL,'2019-05-24 03:27:51','192.168.10.4',0,'2019-05-24 03:27:51',1),(92,NULL,'2019-05-24 03:27:51','192.168.11.81',0,'2019-05-24 03:27:51',37),(93,NULL,'2019-05-24 03:27:51','192.168.11.61',0,'2019-05-24 03:27:51',34),(94,NULL,'2019-05-24 03:27:51','192.168.11.71',0,'2019-05-24 03:27:51',32),(95,NULL,'2019-05-24 03:27:52','192.168.11.21',0,'2019-05-24 03:27:52',35),(96,NULL,'2019-05-24 03:27:52','192.168.11.91',0,'2019-05-24 03:27:52',39),(97,NULL,'2019-05-24 03:27:52','192.168.11.31',0,'2019-05-24 03:27:52',36),(98,NULL,'2019-05-24 03:57:51','192.168.11.31',0,'2019-05-24 03:57:51',36),(99,NULL,'2019-05-24 03:57:51','192.168.10.4',0,'2019-05-24 03:57:51',1),(100,NULL,'2019-05-24 03:57:51','192.168.11.71',0,'2019-05-24 03:57:51',32),(101,NULL,'2019-05-24 03:57:51','192.168.11.41',0,'2019-05-24 03:57:51',38),(102,NULL,'2019-05-24 03:57:51','192.168.11.21',0,'2019-05-24 03:57:51',35),(103,NULL,'2019-05-24 03:57:51','192.168.11.61',0,'2019-05-24 03:57:51',34),(104,NULL,'2019-05-24 03:57:51','192.168.11.91',0,'2019-05-24 03:57:51',39),(105,NULL,'2019-05-24 03:57:52','192.168.11.81',0,'2019-05-24 03:57:52',37),(106,NULL,'2019-05-24 04:27:50','192.168.11.91',0,'2019-05-24 04:27:50',39),(107,NULL,'2019-05-24 04:27:50','192.168.11.61',0,'2019-05-24 04:27:50',34),(108,NULL,'2019-05-24 04:27:50','192.168.11.41',0,'2019-05-24 04:27:50',38),(109,NULL,'2019-05-24 04:27:51','192.168.11.21',0,'2019-05-24 04:27:51',35),(110,NULL,'2019-05-24 04:27:51','192.168.11.71',0,'2019-05-24 04:27:51',32),(111,NULL,'2019-05-24 04:27:51','192.168.11.31',0,'2019-05-24 04:27:51',36),(112,NULL,'2019-05-24 04:27:51','192.168.10.4',0,'2019-05-24 04:27:51',1),(113,NULL,'2019-05-24 04:27:51','192.168.11.81',0,'2019-05-24 04:27:51',37),(114,NULL,'2019-05-24 04:57:51','192.168.11.71',2,'2019-05-24 04:57:51',32),(115,NULL,'2019-05-24 04:57:51','192.168.10.4',1,'2019-05-24 04:57:51',1),(116,NULL,'2019-05-24 04:57:51','192.168.11.91',0,'2019-05-24 04:57:51',39),(117,NULL,'2019-05-24 04:57:51','192.168.11.41',6,'2019-05-24 04:57:51',38),(118,NULL,'2019-05-24 04:57:51','192.168.11.81',0,'2019-05-24 04:57:51',37),(119,NULL,'2019-05-24 04:57:52','192.168.11.61',0,'2019-05-24 04:57:52',34),(120,NULL,'2019-05-24 04:57:52','192.168.11.31',0,'2019-05-24 04:57:52',36),(121,NULL,'2019-05-24 04:57:52','192.168.11.21',0,'2019-05-24 04:57:52',35),(122,NULL,'2019-05-24 05:27:50','192.168.11.71',14,'2019-05-24 05:27:50',32),(123,NULL,'2019-05-24 05:27:50','192.168.11.31',0,'2019-05-24 05:27:50',36),(124,NULL,'2019-05-24 05:27:51','192.168.11.21',11,'2019-05-24 05:27:51',35),(125,NULL,'2019-05-24 05:27:51','192.168.11.61',0,'2019-05-24 05:27:51',34),(126,NULL,'2019-05-24 05:27:51','192.168.10.4',1,'2019-05-24 05:27:51',1),(127,NULL,'2019-05-24 05:27:51','192.168.11.41',0,'2019-05-24 05:27:51',38),(128,NULL,'2019-05-24 05:27:52','192.168.11.91',0,'2019-05-24 05:27:52',39),(129,NULL,'2019-05-24 05:27:52','192.168.11.81',0,'2019-05-24 05:27:52',37),(130,NULL,'2019-05-24 05:57:50','192.168.11.41',6,'2019-05-24 05:57:50',38),(131,NULL,'2019-05-24 05:57:50','192.168.10.4',2,'2019-05-24 05:57:50',1),(132,NULL,'2019-05-24 05:57:51','192.168.11.71',0,'2019-05-24 05:57:51',32),(133,NULL,'2019-05-24 05:57:51','192.168.11.61',3,'2019-05-24 05:57:51',34),(134,NULL,'2019-05-24 05:57:51','192.168.11.91',2,'2019-05-24 05:57:51',39),(135,NULL,'2019-05-24 05:57:51','192.168.11.81',0,'2019-05-24 05:57:51',37),(136,NULL,'2019-05-24 05:57:51','192.168.11.31',0,'2019-05-24 05:57:51',36),(137,NULL,'2019-05-24 05:57:51','192.168.11.21',0,'2019-05-24 05:57:51',35),(138,NULL,'2019-05-24 06:27:50','192.168.11.41',0,'2019-05-24 06:27:50',38),(139,NULL,'2019-05-24 06:27:51','192.168.11.91',6,'2019-05-24 06:27:51',39),(140,NULL,'2019-05-24 06:27:51','192.168.11.71',0,'2019-05-24 06:27:51',32),(141,NULL,'2019-05-24 06:27:51','192.168.11.61',8,'2019-05-24 06:27:51',34),(142,NULL,'2019-05-24 06:27:51','192.168.10.4',2,'2019-05-24 06:27:51',1),(143,NULL,'2019-05-24 06:27:51','192.168.11.21',0,'2019-05-24 06:27:51',35),(144,NULL,'2019-05-24 06:27:51','192.168.11.31',7,'2019-05-24 06:27:51',36),(145,NULL,'2019-05-24 06:27:52','192.168.11.81',0,'2019-05-24 06:27:52',37),(146,NULL,'2019-05-24 06:57:51','192.168.11.71',0,'2019-05-24 06:57:51',32),(147,NULL,'2019-05-24 06:57:51','192.168.11.91',0,'2019-05-24 06:57:51',39),(148,NULL,'2019-05-24 06:57:51','192.168.11.31',0,'2019-05-24 06:57:51',36),(149,NULL,'2019-05-24 06:57:51','192.168.11.81',7,'2019-05-24 06:57:51',37),(150,NULL,'2019-05-24 06:57:51','192.168.10.4',0,'2019-05-24 06:57:51',1),(151,NULL,'2019-05-24 06:57:51','192.168.11.41',0,'2019-05-24 06:57:51',38),(152,NULL,'2019-05-24 06:57:51','192.168.11.61',0,'2019-05-24 06:57:51',34),(153,NULL,'2019-05-24 06:57:51','192.168.11.21',6,'2019-05-24 06:57:51',35),(154,NULL,'2019-05-24 07:27:50','192.168.11.61',0,'2019-05-24 07:27:50',34),(155,NULL,'2019-05-24 07:27:51','192.168.10.4',1,'2019-05-24 07:27:51',1),(156,NULL,'2019-05-24 07:27:51','192.168.11.31',0,'2019-05-24 07:27:51',36),(157,NULL,'2019-05-24 07:27:51','192.168.11.41',0,'2019-05-24 07:27:51',38),(158,NULL,'2019-05-24 07:27:51','192.168.11.71',0,'2019-05-24 07:27:51',32),(159,NULL,'2019-05-24 07:27:51','192.168.11.21',0,'2019-05-24 07:27:51',35),(160,NULL,'2019-05-24 07:27:51','192.168.11.81',0,'2019-05-24 07:27:51',37),(161,NULL,'2019-05-24 07:27:51','192.168.11.91',0,'2019-05-24 07:27:51',39),(162,NULL,'2019-05-24 07:57:50','192.168.10.4',0,'2019-05-24 07:57:50',1),(163,NULL,'2019-05-24 07:57:50','192.168.11.21',0,'2019-05-24 07:57:50',35),(164,NULL,'2019-05-24 07:57:50','192.168.11.41',0,'2019-05-24 07:57:50',38),(165,NULL,'2019-05-24 07:57:51','192.168.11.31',0,'2019-05-24 07:57:51',36),(166,NULL,'2019-05-24 07:57:51','192.168.11.81',0,'2019-05-24 07:57:51',37),(167,NULL,'2019-05-24 07:57:51','192.168.11.51',16,'2019-05-24 07:57:51',33),(168,NULL,'2019-05-24 07:57:51','192.168.11.61',0,'2019-05-24 07:57:51',34),(169,NULL,'2019-05-24 07:57:51','192.168.11.71',0,'2019-05-24 07:57:51',32),(170,NULL,'2019-05-24 07:57:51','192.168.11.91',0,'2019-05-24 07:57:51',39),(171,NULL,'2019-05-24 08:27:51','192.168.11.21',5,'2019-05-24 08:27:51',35),(172,NULL,'2019-05-24 08:27:51','192.168.11.41',0,'2019-05-24 08:27:51',38),(173,NULL,'2019-05-24 08:27:51','192.168.11.61',0,'2019-05-24 08:27:51',34),(174,NULL,'2019-05-24 08:27:51','192.168.10.4',0,'2019-05-24 08:27:51',1),(175,NULL,'2019-05-24 08:27:51','192.168.11.51',0,'2019-05-24 08:27:51',33),(176,NULL,'2019-05-24 08:27:51','192.168.11.71',0,'2019-05-24 08:27:51',32),(177,NULL,'2019-05-24 08:27:51','192.168.11.31',2,'2019-05-24 08:27:51',36),(178,NULL,'2019-05-24 08:27:52','192.168.11.91',0,'2019-05-24 08:27:52',39),(179,NULL,'2019-05-24 08:27:52','192.168.11.81',0,'2019-05-24 08:27:52',37),(180,NULL,'2019-05-24 08:57:50','192.168.11.21',0,'2019-05-24 08:57:50',35),(181,NULL,'2019-05-24 08:57:50','192.168.11.31',0,'2019-05-24 08:57:50',36),(182,NULL,'2019-05-24 08:57:50','192.168.11.51',0,'2019-05-24 08:57:50',33),(183,NULL,'2019-05-24 08:57:50','192.168.11.41',0,'2019-05-24 08:57:50',38),(184,NULL,'2019-05-24 08:57:51','192.168.11.61',0,'2019-05-24 08:57:51',34),(185,NULL,'2019-05-24 08:57:51','192.168.11.81',0,'2019-05-24 08:57:51',37),(186,NULL,'2019-05-24 08:57:51','192.168.11.71',0,'2019-05-24 08:57:51',32),(187,NULL,'2019-05-24 08:57:51','192.168.10.4',6,'2019-05-24 08:57:51',1),(188,NULL,'2019-05-24 08:57:51','192.168.11.91',6,'2019-05-24 08:57:51',39),(189,NULL,'2019-05-24 09:27:50','192.168.11.21',0,'2019-05-24 09:27:50',35),(190,NULL,'2019-05-24 09:27:50','192.168.11.61',0,'2019-05-24 09:27:50',34),(191,NULL,'2019-05-24 09:27:50','192.168.11.31',0,'2019-05-24 09:27:50',36),(192,NULL,'2019-05-24 09:27:50','192.168.11.81',0,'2019-05-24 09:27:50',37),(193,NULL,'2019-05-24 09:27:50','192.168.11.91',0,'2019-05-24 09:27:50',39),(194,NULL,'2019-05-24 09:27:51','192.168.10.4',0,'2019-05-24 09:27:51',1),(195,NULL,'2019-05-24 09:27:51','192.168.11.51',0,'2019-05-24 09:27:51',33),(196,NULL,'2019-05-24 09:27:51','192.168.11.41',0,'2019-05-24 09:27:51',38),(197,NULL,'2019-05-24 09:27:51','192.168.11.71',0,'2019-05-24 09:27:51',32),(198,NULL,'2019-05-24 09:57:50','192.168.11.31',0,'2019-05-24 09:57:50',36),(199,NULL,'2019-05-24 09:57:51','192.168.11.21',0,'2019-05-24 09:57:51',35),(200,NULL,'2019-05-24 09:57:51','192.168.10.4',1,'2019-05-24 09:57:51',1),(201,NULL,'2019-05-24 09:57:51','192.168.11.61',0,'2019-05-24 09:57:51',34),(202,NULL,'2019-05-24 09:57:51','192.168.11.71',0,'2019-05-24 09:57:51',32),(203,NULL,'2019-05-24 09:57:51','192.168.11.51',0,'2019-05-24 09:57:51',33),(204,NULL,'2019-05-24 09:57:51','192.168.11.91',0,'2019-05-24 09:57:51',39),(205,NULL,'2019-05-24 09:57:51','192.168.11.41',0,'2019-05-24 09:57:51',38),(206,NULL,'2019-05-24 09:57:52','192.168.11.81',0,'2019-05-24 09:57:52',37),(207,NULL,'2019-05-24 10:27:50','192.168.11.21',0,'2019-05-24 10:27:50',35),(208,NULL,'2019-05-24 10:27:50','192.168.11.31',0,'2019-05-24 10:27:50',36),(209,NULL,'2019-05-24 10:27:51','192.168.10.4',0,'2019-05-24 10:27:51',1),(210,NULL,'2019-05-24 10:27:51','192.168.11.51',0,'2019-05-24 10:27:51',33),(211,NULL,'2019-05-24 10:27:51','192.168.11.61',0,'2019-05-24 10:27:51',34),(212,NULL,'2019-05-24 10:27:51','192.168.11.91',0,'2019-05-24 10:27:51',39),(213,NULL,'2019-05-24 10:27:51','192.168.11.41',0,'2019-05-24 10:27:51',38),(214,NULL,'2019-05-24 10:27:51','192.168.11.71',0,'2019-05-24 10:27:51',32),(215,NULL,'2019-05-24 10:27:51','192.168.11.81',0,'2019-05-24 10:27:51',37),(216,NULL,'2019-05-24 10:57:50','192.168.11.31',0,'2019-05-24 10:57:50',36),(217,NULL,'2019-05-24 10:57:50','192.168.11.71',0,'2019-05-24 10:57:50',32),(218,NULL,'2019-05-24 10:57:50','192.168.11.21',0,'2019-05-24 10:57:50',35),(219,NULL,'2019-05-24 10:57:50','192.168.10.4',0,'2019-05-24 10:57:50',1),(220,NULL,'2019-05-24 10:57:50','192.168.11.81',0,'2019-05-24 10:57:50',37),(221,NULL,'2019-05-24 10:57:51','192.168.11.51',0,'2019-05-24 10:57:51',33),(222,NULL,'2019-05-24 10:57:51','192.168.11.91',0,'2019-05-24 10:57:51',39),(223,NULL,'2019-05-24 10:57:51','192.168.11.41',0,'2019-05-24 10:57:51',38),(224,NULL,'2019-05-24 10:57:51','192.168.11.61',2,'2019-05-24 10:57:51',34),(225,NULL,'2019-05-24 11:27:50','192.168.11.21',0,'2019-05-24 11:27:50',35),(226,NULL,'2019-05-24 11:27:50','192.168.11.31',0,'2019-05-24 11:27:50',36),(227,NULL,'2019-05-24 11:27:50','192.168.11.71',0,'2019-05-24 11:27:50',32),(228,NULL,'2019-05-24 11:27:50','192.168.11.81',0,'2019-05-24 11:27:50',37),(229,NULL,'2019-05-24 11:27:50','192.168.11.51',0,'2019-05-24 11:27:50',33),(230,NULL,'2019-05-24 11:27:50','192.168.11.41',0,'2019-05-24 11:27:50',38),(231,NULL,'2019-05-24 11:27:51','192.168.10.4',0,'2019-05-24 11:27:51',1),(232,NULL,'2019-05-24 11:27:51','192.168.11.91',0,'2019-05-24 11:27:51',39),(233,NULL,'2019-05-24 11:27:52','192.168.11.61',0,'2019-05-24 11:27:52',34),(234,NULL,'2019-05-24 11:57:50','192.168.11.21',0,'2019-05-24 11:57:50',35),(235,NULL,'2019-05-24 11:57:50','192.168.11.91',0,'2019-05-24 11:57:50',39),(236,NULL,'2019-05-24 11:57:50','192.168.11.51',0,'2019-05-24 11:57:50',33),(237,NULL,'2019-05-24 11:57:50','192.168.11.81',0,'2019-05-24 11:57:50',37),(238,NULL,'2019-05-24 11:57:50','192.168.11.41',0,'2019-05-24 11:57:50',38),(239,NULL,'2019-05-24 11:57:50','192.168.11.71',0,'2019-05-24 11:57:50',32),(240,NULL,'2019-05-24 11:57:51','192.168.10.4',0,'2019-05-24 11:57:51',1),(241,NULL,'2019-05-24 11:57:51','192.168.11.61',0,'2019-05-24 11:57:51',34),(242,NULL,'2019-05-24 11:57:51','192.168.11.31',0,'2019-05-24 11:57:51',36),(243,NULL,'2019-05-24 12:27:49','192.168.11.21',0,'2019-05-24 12:27:49',35),(244,NULL,'2019-05-24 12:27:50','192.168.11.71',0,'2019-05-24 12:27:50',32),(245,NULL,'2019-05-24 12:27:50','192.168.10.4',0,'2019-05-24 12:27:50',1),(246,NULL,'2019-05-24 12:27:50','192.168.11.51',0,'2019-05-24 12:27:50',33),(247,NULL,'2019-05-24 12:27:50','192.168.11.91',0,'2019-05-24 12:27:50',39),(248,NULL,'2019-05-24 12:27:50','192.168.11.81',0,'2019-05-24 12:27:50',37),(249,NULL,'2019-05-24 12:27:50','192.168.11.41',0,'2019-05-24 12:27:50',38),(250,NULL,'2019-05-24 12:27:50','192.168.11.61',0,'2019-05-24 12:27:50',34),(251,NULL,'2019-05-24 12:27:50','192.168.11.31',0,'2019-05-24 12:27:50',36),(252,NULL,'2019-05-24 12:57:50','192.168.11.91',0,'2019-05-24 12:57:50',39),(253,NULL,'2019-05-24 12:57:50','192.168.11.21',0,'2019-05-24 12:57:50',35),(254,NULL,'2019-05-24 12:57:51','192.168.11.81',0,'2019-05-24 12:57:51',37),(255,NULL,'2019-05-24 12:57:51','192.168.11.71',0,'2019-05-24 12:57:51',32),(256,NULL,'2019-05-24 12:57:51','192.168.11.51',0,'2019-05-24 12:57:51',33),(257,NULL,'2019-05-24 12:57:51','192.168.11.31',0,'2019-05-24 12:57:51',36),(258,NULL,'2019-05-24 12:57:51','192.168.11.61',0,'2019-05-24 12:57:51',34),(259,NULL,'2019-05-24 12:57:51','192.168.10.4',2,'2019-05-24 12:57:51',1),(260,NULL,'2019-05-24 12:57:51','192.168.11.41',0,'2019-05-24 12:57:51',38),(261,NULL,'2019-05-24 13:27:50','192.168.11.31',0,'2019-05-24 13:27:50',36),(262,NULL,'2019-05-24 13:27:51','192.168.11.81',0,'2019-05-24 13:27:51',37),(263,NULL,'2019-05-24 13:27:51','192.168.11.91',0,'2019-05-24 13:27:51',39),(264,NULL,'2019-05-24 13:27:51','192.168.11.21',0,'2019-05-24 13:27:51',35),(265,NULL,'2019-05-24 13:27:51','192.168.11.71',0,'2019-05-24 13:27:51',32),(266,NULL,'2019-05-24 13:27:51','192.168.11.61',0,'2019-05-24 13:27:51',34),(267,NULL,'2019-05-24 13:27:51','192.168.10.4',0,'2019-05-24 13:27:51',1),(268,NULL,'2019-05-24 13:27:51','192.168.11.51',0,'2019-05-24 13:27:51',33),(269,NULL,'2019-05-24 13:27:51','192.168.11.41',0,'2019-05-24 13:27:51',38),(270,NULL,'2019-05-24 13:57:50','192.168.11.31',0,'2019-05-24 13:57:50',36),(271,NULL,'2019-05-24 13:57:50','192.168.11.51',0,'2019-05-24 13:57:50',33),(272,NULL,'2019-05-24 13:57:51','192.168.11.21',0,'2019-05-24 13:57:51',35),(273,NULL,'2019-05-24 13:57:51','192.168.10.4',0,'2019-05-24 13:57:51',1),(274,NULL,'2019-05-24 13:57:51','192.168.11.61',0,'2019-05-24 13:57:51',34),(275,NULL,'2019-05-24 13:57:51','192.168.11.71',0,'2019-05-24 13:57:51',32),(276,NULL,'2019-05-24 13:57:51','192.168.11.81',0,'2019-05-24 13:57:51',37),(277,NULL,'2019-05-24 13:57:51','192.168.11.41',0,'2019-05-24 13:57:51',38),(278,NULL,'2019-05-24 13:57:51','192.168.11.91',0,'2019-05-24 13:57:51',39),(279,NULL,'2019-05-24 14:27:50','192.168.11.21',0,'2019-05-24 14:27:50',35),(280,NULL,'2019-05-24 14:27:50','192.168.11.41',0,'2019-05-24 14:27:50',38),(281,NULL,'2019-05-24 14:27:51','192.168.11.71',0,'2019-05-24 14:27:51',32),(282,NULL,'2019-05-24 14:27:51','192.168.11.51',0,'2019-05-24 14:27:51',33),(283,NULL,'2019-05-24 14:27:51','192.168.10.4',17,'2019-05-24 14:27:51',1),(284,NULL,'2019-05-24 14:27:51','192.168.11.81',0,'2019-05-24 14:27:51',37),(285,NULL,'2019-05-24 14:27:51','192.168.11.91',0,'2019-05-24 14:27:51',39),(286,NULL,'2019-05-24 14:27:51','192.168.11.31',3,'2019-05-24 14:27:51',36),(287,NULL,'2019-05-24 14:27:52','192.168.11.61',0,'2019-05-24 14:27:52',34),(288,NULL,'2019-05-24 14:57:50','192.168.11.41',0,'2019-05-24 14:57:50',38),(289,NULL,'2019-05-24 14:57:50','192.168.10.4',0,'2019-05-24 14:57:50',1),(290,NULL,'2019-05-24 14:57:50','192.168.11.61',0,'2019-05-24 14:57:50',34),(291,NULL,'2019-05-24 14:57:50','192.168.11.71',0,'2019-05-24 14:57:50',32),(292,NULL,'2019-05-24 14:57:50','192.168.11.31',0,'2019-05-24 14:57:50',36),(293,NULL,'2019-05-24 14:57:51','192.168.11.81',0,'2019-05-24 14:57:51',37),(294,NULL,'2019-05-24 14:57:51','192.168.11.91',0,'2019-05-24 14:57:51',39),(295,NULL,'2019-05-24 14:57:51','192.168.11.21',0,'2019-05-24 14:57:51',35),(296,NULL,'2019-05-24 15:27:50','192.168.11.61',0,'2019-05-24 15:27:50',34),(297,NULL,'2019-05-24 15:27:50','192.168.11.71',0,'2019-05-24 15:27:50',32),(298,NULL,'2019-05-24 15:27:50','192.168.11.41',0,'2019-05-24 15:27:50',38),(299,NULL,'2019-05-24 15:27:50','192.168.11.91',0,'2019-05-24 15:27:50',39),(300,NULL,'2019-05-24 15:27:50','192.168.10.4',0,'2019-05-24 15:27:50',1),(301,NULL,'2019-05-24 15:27:50','192.168.11.81',0,'2019-05-24 15:27:50',37),(302,NULL,'2019-05-24 15:27:51','192.168.11.21',0,'2019-05-24 15:27:51',35),(303,NULL,'2019-05-24 15:27:51','192.168.11.31',0,'2019-05-24 15:27:51',36),(304,NULL,'2019-05-24 15:57:50','192.168.11.61',0,'2019-05-24 15:57:50',34),(305,NULL,'2019-05-24 15:57:50','192.168.11.81',0,'2019-05-24 15:57:50',37),(306,NULL,'2019-05-24 15:57:50','192.168.10.4',0,'2019-05-24 15:57:50',1),(307,NULL,'2019-05-24 15:57:51','192.168.11.91',0,'2019-05-24 15:57:51',39),(308,NULL,'2019-05-24 15:57:51','192.168.11.31',0,'2019-05-24 15:57:51',36),(309,NULL,'2019-05-24 15:57:51','192.168.11.21',0,'2019-05-24 15:57:51',35),(310,NULL,'2019-05-24 15:57:51','192.168.11.41',0,'2019-05-24 15:57:51',38),(311,NULL,'2019-05-24 15:57:51','192.168.11.71',0,'2019-05-24 15:57:51',32),(312,NULL,'2019-05-24 16:27:50','192.168.11.41',0,'2019-05-24 16:27:50',38),(313,NULL,'2019-05-24 16:27:50','192.168.10.4',0,'2019-05-24 16:27:50',1),(314,NULL,'2019-05-24 16:27:50','192.168.11.61',0,'2019-05-24 16:27:50',34),(315,NULL,'2019-05-24 16:27:50','192.168.11.71',0,'2019-05-24 16:27:50',32),(316,NULL,'2019-05-24 16:27:51','192.168.11.21',0,'2019-05-24 16:27:51',35),(317,NULL,'2019-05-24 16:27:51','192.168.11.81',0,'2019-05-24 16:27:51',37),(318,NULL,'2019-05-24 16:27:51','192.168.11.91',0,'2019-05-24 16:27:51',39),(319,NULL,'2019-05-24 16:27:51','192.168.11.31',0,'2019-05-24 16:27:51',36),(320,NULL,'2019-05-24 16:57:50','192.168.10.4',0,'2019-05-24 16:57:50',1),(321,NULL,'2019-05-24 16:57:50','192.168.11.71',0,'2019-05-24 16:57:50',32),(322,NULL,'2019-05-24 16:57:50','192.168.11.61',0,'2019-05-24 16:57:50',34),(323,NULL,'2019-05-24 16:57:50','192.168.11.41',0,'2019-05-24 16:57:50',38),(324,NULL,'2019-05-24 16:57:50','192.168.11.91',0,'2019-05-24 16:57:50',39),(325,NULL,'2019-05-24 16:57:50','192.168.11.81',0,'2019-05-24 16:57:50',37),(326,NULL,'2019-05-24 16:57:50','192.168.11.21',0,'2019-05-24 16:57:50',35),(327,NULL,'2019-05-24 16:57:51','192.168.11.31',0,'2019-05-24 16:57:51',36),(328,NULL,'2019-05-24 17:27:50','192.168.11.71',0,'2019-05-24 17:27:50',32),(329,NULL,'2019-05-24 17:27:50','192.168.11.81',0,'2019-05-24 17:27:50',37),(330,NULL,'2019-05-24 17:27:50','192.168.11.41',0,'2019-05-24 17:27:50',38),(331,NULL,'2019-05-24 17:27:51','192.168.11.21',0,'2019-05-24 17:27:51',35),(332,NULL,'2019-05-24 17:27:51','192.168.11.31',0,'2019-05-24 17:27:51',36),(333,NULL,'2019-05-24 17:27:51','192.168.11.91',0,'2019-05-24 17:27:51',39),(334,NULL,'2019-05-24 17:27:51','192.168.10.4',0,'2019-05-24 17:27:51',1),(335,NULL,'2019-05-24 17:27:51','192.168.11.61',0,'2019-05-24 17:27:51',34),(336,NULL,'2019-05-24 17:57:50','192.168.10.4',0,'2019-05-24 17:57:50',1),(337,NULL,'2019-05-24 17:57:50','192.168.11.71',0,'2019-05-24 17:57:50',32),(338,NULL,'2019-05-24 17:57:50','192.168.11.41',0,'2019-05-24 17:57:50',38),(339,NULL,'2019-05-24 17:57:50','192.168.11.61',0,'2019-05-24 17:57:50',34),(340,NULL,'2019-05-24 17:57:50','192.168.11.81',0,'2019-05-24 17:57:50',37),(341,NULL,'2019-05-24 17:57:51','192.168.11.31',0,'2019-05-24 17:57:51',36),(342,NULL,'2019-05-24 17:57:51','192.168.11.91',0,'2019-05-24 17:57:51',39),(343,NULL,'2019-05-24 17:57:51','192.168.11.21',0,'2019-05-24 17:57:51',35),(344,NULL,'2019-05-24 18:27:50','192.168.11.31',0,'2019-05-24 18:27:50',36),(345,NULL,'2019-05-24 18:27:50','192.168.11.61',0,'2019-05-24 18:27:50',34),(346,NULL,'2019-05-24 18:27:50','192.168.11.21',0,'2019-05-24 18:27:50',35),(347,NULL,'2019-05-24 18:27:51','192.168.11.71',0,'2019-05-24 18:27:51',32),(348,NULL,'2019-05-24 18:27:51','192.168.11.41',0,'2019-05-24 18:27:51',38),(349,NULL,'2019-05-24 18:27:51','192.168.11.81',0,'2019-05-24 18:27:51',37),(350,NULL,'2019-05-24 18:27:51','192.168.10.4',0,'2019-05-24 18:27:51',1),(351,NULL,'2019-05-24 18:27:51','192.168.11.91',0,'2019-05-24 18:27:51',39),(352,NULL,'2019-05-24 18:57:49','192.168.11.41',0,'2019-05-24 18:57:49',38),(353,NULL,'2019-05-24 18:57:50','192.168.11.61',0,'2019-05-24 18:57:50',34),(354,NULL,'2019-05-24 18:57:50','192.168.11.71',0,'2019-05-24 18:57:50',32),(355,NULL,'2019-05-24 18:57:50','192.168.11.81',0,'2019-05-24 18:57:50',37),(356,NULL,'2019-05-24 18:57:50','192.168.11.91',0,'2019-05-24 18:57:50',39),(357,NULL,'2019-05-24 18:57:50','192.168.10.4',0,'2019-05-24 18:57:50',1),(358,NULL,'2019-05-24 18:57:51','192.168.11.31',0,'2019-05-24 18:57:51',36),(359,NULL,'2019-05-24 18:57:51','192.168.11.21',0,'2019-05-24 18:57:51',35),(360,NULL,'2019-05-24 19:27:49','192.168.10.4',0,'2019-05-24 19:27:49',1),(361,NULL,'2019-05-24 19:27:49','192.168.11.71',0,'2019-05-24 19:27:49',32),(362,NULL,'2019-05-24 19:27:50','192.168.11.81',0,'2019-05-24 19:27:50',37),(363,NULL,'2019-05-24 19:27:50','192.168.11.41',0,'2019-05-24 19:27:50',38),(364,NULL,'2019-05-24 19:27:50','192.168.11.31',0,'2019-05-24 19:27:50',36),(365,NULL,'2019-05-24 19:27:50','192.168.11.91',0,'2019-05-24 19:27:50',39),(366,NULL,'2019-05-24 19:27:50','192.168.11.61',0,'2019-05-24 19:27:50',34),(367,NULL,'2019-05-24 19:27:51','192.168.11.21',0,'2019-05-24 19:27:51',35),(368,NULL,'2019-05-24 19:57:49','192.168.11.21',0,'2019-05-24 19:57:49',35),(369,NULL,'2019-05-24 19:57:50','192.168.10.4',0,'2019-05-24 19:57:50',1),(370,NULL,'2019-05-24 19:57:50','192.168.11.31',0,'2019-05-24 19:57:50',36),(371,NULL,'2019-05-24 19:57:50','192.168.11.91',0,'2019-05-24 19:57:50',39),(372,NULL,'2019-05-24 19:57:50','192.168.11.61',0,'2019-05-24 19:57:50',34),(373,NULL,'2019-05-24 19:57:50','192.168.11.71',0,'2019-05-24 19:57:50',32),(374,NULL,'2019-05-24 19:57:51','192.168.11.51',0,'2019-05-24 19:57:51',33),(375,NULL,'2019-05-24 19:57:51','192.168.11.41',0,'2019-05-24 19:57:51',38),(376,NULL,'2019-05-24 19:57:51','192.168.11.81',0,'2019-05-24 19:57:51',37),(377,NULL,'2019-05-24 20:27:49','192.168.11.21',0,'2019-05-24 20:27:49',35),(378,NULL,'2019-05-24 20:27:49','192.168.11.51',0,'2019-05-24 20:27:49',33),(379,NULL,'2019-05-24 20:27:50','192.168.11.41',0,'2019-05-24 20:27:50',38),(380,NULL,'2019-05-24 20:27:50','192.168.11.31',0,'2019-05-24 20:27:50',36),(381,NULL,'2019-05-24 20:27:50','192.168.10.4',0,'2019-05-24 20:27:50',1),(382,NULL,'2019-05-24 20:27:50','192.168.11.61',0,'2019-05-24 20:27:50',34),(383,NULL,'2019-05-24 20:27:50','192.168.11.91',1,'2019-05-24 20:27:50',39),(384,NULL,'2019-05-24 20:27:50','192.168.11.71',0,'2019-05-24 20:27:50',32),(385,NULL,'2019-05-24 20:27:51','192.168.11.81',0,'2019-05-24 20:27:51',37),(386,NULL,'2019-05-24 20:57:50','192.168.11.91',0,'2019-05-24 20:57:50',39),(387,NULL,'2019-05-24 20:57:50','192.168.11.51',4,'2019-05-24 20:57:50',33),(388,NULL,'2019-05-24 20:57:50','192.168.11.81',0,'2019-05-24 20:57:50',37),(389,NULL,'2019-05-24 20:57:50','192.168.11.21',0,'2019-05-24 20:57:50',35),(390,NULL,'2019-05-24 20:57:50','192.168.11.31',0,'2019-05-24 20:57:50',36),(391,NULL,'2019-05-24 20:57:51','192.168.11.61',0,'2019-05-24 20:57:51',34),(392,NULL,'2019-05-24 20:57:51','192.168.10.4',0,'2019-05-24 20:57:51',1),(393,NULL,'2019-05-24 20:57:51','192.168.11.41',0,'2019-05-24 20:57:51',38),(394,NULL,'2019-05-24 20:57:51','192.168.11.71',0,'2019-05-24 20:57:51',32),(395,NULL,'2019-05-24 21:27:50','192.168.10.4',0,'2019-05-24 21:27:50',1),(396,NULL,'2019-05-24 21:27:50','192.168.11.61',0,'2019-05-24 21:27:50',34),(397,NULL,'2019-05-24 21:27:50','192.168.11.31',0,'2019-05-24 21:27:50',36),(398,NULL,'2019-05-24 21:27:50','192.168.11.51',0,'2019-05-24 21:27:50',33),(399,NULL,'2019-05-24 21:27:50','192.168.11.81',0,'2019-05-24 21:27:50',37),(400,NULL,'2019-05-24 21:27:50','192.168.11.41',0,'2019-05-24 21:27:50',38),(401,NULL,'2019-05-24 21:27:50','192.168.11.21',0,'2019-05-24 21:27:50',35),(402,NULL,'2019-05-24 21:27:51','192.168.11.91',0,'2019-05-24 21:27:51',39),(403,NULL,'2019-05-24 21:27:51','192.168.11.71',0,'2019-05-24 21:27:51',32),(404,NULL,'2019-05-24 21:57:49','192.168.11.41',0,'2019-05-24 21:57:49',38),(405,NULL,'2019-05-24 21:57:49','192.168.11.51',0,'2019-05-24 21:57:49',33),(406,NULL,'2019-05-24 21:57:50','192.168.11.21',0,'2019-05-24 21:57:50',35),(407,NULL,'2019-05-24 21:57:50','192.168.11.31',0,'2019-05-24 21:57:50',36),(408,NULL,'2019-05-24 21:57:50','192.168.11.91',0,'2019-05-24 21:57:50',39),(409,NULL,'2019-05-24 21:57:50','192.168.10.4',0,'2019-05-24 21:57:50',1),(410,NULL,'2019-05-24 21:57:50','192.168.11.71',0,'2019-05-24 21:57:50',32),(411,NULL,'2019-05-24 21:57:50','192.168.11.81',0,'2019-05-24 21:57:50',37),(412,NULL,'2019-05-24 21:57:50','192.168.11.61',0,'2019-05-24 21:57:50',34),(413,NULL,'2019-05-24 22:27:50','192.168.10.4',0,'2019-05-24 22:27:50',1),(414,NULL,'2019-05-24 22:27:50','192.168.11.51',0,'2019-05-24 22:27:50',33),(415,NULL,'2019-05-24 22:27:50','192.168.11.31',0,'2019-05-24 22:27:50',36),(416,NULL,'2019-05-24 22:27:50','192.168.11.41',0,'2019-05-24 22:27:50',38),(417,NULL,'2019-05-24 22:27:50','192.168.11.71',0,'2019-05-24 22:27:50',32),(418,NULL,'2019-05-24 22:27:50','192.168.11.21',0,'2019-05-24 22:27:50',35),(419,NULL,'2019-05-24 22:27:50','192.168.11.91',0,'2019-05-24 22:27:50',39),(420,NULL,'2019-05-24 22:27:50','192.168.11.61',0,'2019-05-24 22:27:50',34),(421,NULL,'2019-05-24 22:27:51','192.168.11.81',0,'2019-05-24 22:27:51',37),(422,NULL,'2019-05-24 23:27:50','192.168.10.4',0,'2019-05-24 23:27:50',1),(423,NULL,'2019-05-24 23:27:50','192.168.11.81',0,'2019-05-24 23:27:50',37),(424,NULL,'2019-05-24 23:27:50','192.168.11.41',0,'2019-05-24 23:27:50',38),(425,NULL,'2019-05-24 23:27:50','192.168.11.71',0,'2019-05-24 23:27:50',32),(426,NULL,'2019-05-24 23:27:51','192.168.11.31',0,'2019-05-24 23:27:51',36),(427,NULL,'2019-05-24 23:27:51','192.168.11.61',0,'2019-05-24 23:27:51',34),(428,NULL,'2019-05-24 23:27:51','192.168.11.91',0,'2019-05-24 23:27:51',39),(429,NULL,'2019-05-24 23:27:52','192.168.11.21',0,'2019-05-24 23:27:52',35),(430,NULL,'2019-05-24 23:57:50','192.168.10.4',0,'2019-05-24 23:57:50',1),(431,NULL,'2019-05-24 23:57:50','192.168.11.71',0,'2019-05-24 23:57:50',32),(432,NULL,'2019-05-24 23:57:50','192.168.11.21',0,'2019-05-24 23:57:50',35),(433,NULL,'2019-05-24 23:57:50','192.168.11.41',0,'2019-05-24 23:57:50',38),(434,NULL,'2019-05-24 23:57:50','192.168.11.61',0,'2019-05-24 23:57:50',34),(435,NULL,'2019-05-24 23:57:50','192.168.11.31',0,'2019-05-24 23:57:50',36),(436,NULL,'2019-05-24 23:57:50','192.168.11.91',0,'2019-05-24 23:57:50',39),(437,NULL,'2019-05-24 23:57:51','192.168.11.81',0,'2019-05-24 23:57:51',37),(438,NULL,'2019-05-25 00:57:49','192.168.11.41',0,'2019-05-25 00:57:49',38),(439,NULL,'2019-05-25 00:57:49','192.168.11.91',0,'2019-05-25 00:57:49',39),(440,NULL,'2019-05-25 00:57:49','192.168.11.21',0,'2019-05-25 00:57:49',35),(441,NULL,'2019-05-25 00:57:49','192.168.11.81',0,'2019-05-25 00:57:49',37),(442,NULL,'2019-05-25 00:57:50','192.168.10.4',0,'2019-05-25 00:57:50',1),(443,NULL,'2019-05-25 00:57:50','192.168.11.71',0,'2019-05-25 00:57:50',32),(444,NULL,'2019-05-25 00:57:50','192.168.11.61',0,'2019-05-25 00:57:50',34),(445,NULL,'2019-05-25 00:57:50','192.168.11.31',0,'2019-05-25 00:57:50',36),(446,NULL,'2019-05-25 01:27:50','192.168.11.31',0,'2019-05-25 01:27:50',36),(447,NULL,'2019-05-25 01:27:50','192.168.11.71',0,'2019-05-25 01:27:50',32),(448,NULL,'2019-05-25 01:27:50','192.168.10.4',0,'2019-05-25 01:27:50',1),(449,NULL,'2019-05-25 01:27:50','192.168.11.91',0,'2019-05-25 01:27:50',39),(450,NULL,'2019-05-25 01:27:50','192.168.11.41',0,'2019-05-25 01:27:50',38),(451,NULL,'2019-05-25 01:27:50','192.168.11.21',0,'2019-05-25 01:27:50',35),(452,NULL,'2019-05-25 01:27:50','192.168.11.61',0,'2019-05-25 01:27:50',34),(453,NULL,'2019-05-25 01:27:51','192.168.11.81',0,'2019-05-25 01:27:51',37),(454,NULL,'2019-05-25 01:57:49','192.168.11.41',0,'2019-05-25 01:57:49',38),(455,NULL,'2019-05-25 01:57:50','192.168.11.71',0,'2019-05-25 01:57:50',32),(456,NULL,'2019-05-25 01:57:50','192.168.11.61',0,'2019-05-25 01:57:50',34),(457,NULL,'2019-05-25 01:57:50','192.168.11.81',0,'2019-05-25 01:57:50',37),(458,NULL,'2019-05-25 01:57:50','192.168.11.91',0,'2019-05-25 01:57:50',39),(459,NULL,'2019-05-25 01:57:50','192.168.11.21',0,'2019-05-25 01:57:50',35),(460,NULL,'2019-05-25 01:57:50','192.168.10.4',0,'2019-05-25 01:57:50',1),(461,NULL,'2019-05-25 01:57:51','192.168.11.31',0,'2019-05-25 01:57:51',36),(462,NULL,'2019-05-25 02:27:50','192.168.10.4',0,'2019-05-25 02:27:50',1),(463,NULL,'2019-05-25 02:27:50','192.168.11.71',0,'2019-05-25 02:27:50',32),(464,NULL,'2019-05-25 02:27:50','192.168.11.81',0,'2019-05-25 02:27:50',37),(465,NULL,'2019-05-25 02:27:50','192.168.11.41',0,'2019-05-25 02:27:50',38),(466,NULL,'2019-05-25 02:27:50','192.168.11.91',0,'2019-05-25 02:27:50',39),(467,NULL,'2019-05-25 02:27:51','192.168.11.61',0,'2019-05-25 02:27:51',34),(468,NULL,'2019-05-25 02:27:51','192.168.11.31',0,'2019-05-25 02:27:51',36),(469,NULL,'2019-05-25 02:27:51','192.168.11.21',0,'2019-05-25 02:27:51',35),(470,NULL,'2019-05-25 02:57:49','192.168.11.71',0,'2019-05-25 02:57:49',32),(471,NULL,'2019-05-25 02:57:49','192.168.10.4',0,'2019-05-25 02:57:49',1),(472,NULL,'2019-05-25 02:57:50','192.168.11.81',0,'2019-05-25 02:57:50',37),(473,NULL,'2019-05-25 02:57:50','192.168.11.61',0,'2019-05-25 02:57:50',34),(474,NULL,'2019-05-25 02:57:50','192.168.11.91',0,'2019-05-25 02:57:50',39),(475,NULL,'2019-05-25 02:57:50','192.168.11.41',0,'2019-05-25 02:57:50',38),(476,NULL,'2019-05-25 02:57:50','192.168.11.21',0,'2019-05-25 02:57:50',35),(477,NULL,'2019-05-25 02:57:50','192.168.11.31',0,'2019-05-25 02:57:50',36),(478,NULL,'2019-05-25 03:27:49','192.168.11.71',0,'2019-05-25 03:27:49',32),(479,NULL,'2019-05-25 03:27:49','192.168.10.4',0,'2019-05-25 03:27:49',1),(480,NULL,'2019-05-25 03:27:49','192.168.11.61',0,'2019-05-25 03:27:49',34),(481,NULL,'2019-05-25 03:27:49','192.168.11.91',0,'2019-05-25 03:27:49',39),(482,NULL,'2019-05-25 03:27:50','192.168.11.81',0,'2019-05-25 03:27:50',37),(483,NULL,'2019-05-25 03:27:50','192.168.11.41',0,'2019-05-25 03:27:50',38),(484,NULL,'2019-05-25 03:27:50','192.168.11.31',0,'2019-05-25 03:27:50',36),(485,NULL,'2019-05-25 03:27:50','192.168.11.21',0,'2019-05-25 03:27:50',35),(486,NULL,'2019-05-25 03:57:50','192.168.11.41',0,'2019-05-25 03:57:50',38),(487,NULL,'2019-05-25 03:57:50','192.168.11.91',0,'2019-05-25 03:57:50',39),(488,NULL,'2019-05-25 03:57:50','192.168.10.4',0,'2019-05-25 03:57:50',1),(489,NULL,'2019-05-25 03:57:50','192.168.11.71',0,'2019-05-25 03:57:50',32),(490,NULL,'2019-05-25 03:57:50','192.168.11.81',0,'2019-05-25 03:57:50',37),(491,NULL,'2019-05-25 03:57:51','192.168.11.61',0,'2019-05-25 03:57:51',34),(492,NULL,'2019-05-25 03:57:51','192.168.11.21',0,'2019-05-25 03:57:51',35),(493,NULL,'2019-05-25 03:57:51','192.168.11.31',0,'2019-05-25 03:57:51',36),(494,NULL,'2019-05-25 04:27:50','192.168.11.31',0,'2019-05-25 04:27:50',36),(495,NULL,'2019-05-25 04:27:50','192.168.11.21',0,'2019-05-25 04:27:50',35),(496,NULL,'2019-05-25 04:27:50','192.168.11.61',0,'2019-05-25 04:27:50',34),(497,NULL,'2019-05-25 04:27:50','192.168.11.41',0,'2019-05-25 04:27:50',38),(498,NULL,'2019-05-25 04:27:50','192.168.10.4',0,'2019-05-25 04:27:50',1),(499,NULL,'2019-05-25 04:27:50','192.168.11.71',0,'2019-05-25 04:27:50',32),(500,NULL,'2019-05-25 04:27:50','192.168.11.91',0,'2019-05-25 04:27:50',39),(501,NULL,'2019-05-25 04:27:50','192.168.11.81',0,'2019-05-25 04:27:50',37),(502,NULL,'2019-05-25 04:57:50','192.168.10.4',0,'2019-05-25 04:57:50',1),(503,NULL,'2019-05-25 04:57:50','192.168.11.41',2,'2019-05-25 04:57:50',38),(504,NULL,'2019-05-25 04:57:50','192.168.11.91',0,'2019-05-25 04:57:50',39),(505,NULL,'2019-05-25 04:57:50','192.168.11.21',2,'2019-05-25 04:57:50',35),(506,NULL,'2019-05-25 04:57:50','192.168.11.71',1,'2019-05-25 04:57:50',32),(507,NULL,'2019-05-25 04:57:50','192.168.11.31',0,'2019-05-25 04:57:50',36),(508,NULL,'2019-05-25 04:57:51','192.168.11.61',0,'2019-05-25 04:57:51',34),(509,NULL,'2019-05-25 04:57:51','192.168.11.81',1,'2019-05-25 04:57:51',37),(510,NULL,'2019-05-25 05:27:50','192.168.11.41',3,'2019-05-25 05:27:50',38),(511,NULL,'2019-05-25 05:27:50','192.168.10.4',2,'2019-05-25 05:27:50',1),(512,NULL,'2019-05-25 05:27:50','192.168.11.71',10,'2019-05-25 05:27:50',32),(513,NULL,'2019-05-25 05:27:50','192.168.11.61',0,'2019-05-25 05:27:50',34),(514,NULL,'2019-05-25 05:27:50','192.168.11.31',0,'2019-05-25 05:27:50',36),(515,NULL,'2019-05-25 05:27:50','192.168.11.91',0,'2019-05-25 05:27:50',39),(516,NULL,'2019-05-25 05:27:50','192.168.11.81',0,'2019-05-25 05:27:50',37),(517,NULL,'2019-05-25 05:27:51','192.168.11.21',8,'2019-05-25 05:27:51',35),(518,NULL,'2019-05-25 05:57:50','192.168.11.71',6,'2019-05-25 05:57:50',32),(519,NULL,'2019-05-25 05:57:50','192.168.11.41',4,'2019-05-25 05:57:50',38),(520,NULL,'2019-05-25 05:57:50','192.168.11.61',1,'2019-05-25 05:57:50',34),(521,NULL,'2019-05-25 05:57:50','192.168.11.21',1,'2019-05-25 05:57:50',35),(522,NULL,'2019-05-25 05:57:50','192.168.10.4',4,'2019-05-25 05:57:50',1),(523,NULL,'2019-05-25 05:57:50','192.168.11.91',5,'2019-05-25 05:57:50',39),(524,NULL,'2019-05-25 05:57:51','192.168.11.31',1,'2019-05-25 05:57:51',36),(525,NULL,'2019-05-25 05:57:51','192.168.11.81',2,'2019-05-25 05:57:51',37),(526,NULL,'2019-05-25 06:27:49','192.168.11.41',0,'2019-05-25 06:27:49',38),(527,NULL,'2019-05-25 06:27:49','192.168.11.81',1,'2019-05-25 06:27:49',37),(528,NULL,'2019-05-25 06:27:49','192.168.11.71',0,'2019-05-25 06:27:49',32),(529,NULL,'2019-05-25 06:27:49','192.168.10.4',0,'2019-05-25 06:27:49',1),(530,NULL,'2019-05-25 06:27:49','192.168.11.61',3,'2019-05-25 06:27:49',34),(531,NULL,'2019-05-25 06:27:50','192.168.11.91',0,'2019-05-25 06:27:50',39),(532,NULL,'2019-05-25 06:27:50','192.168.11.21',0,'2019-05-25 06:27:50',35),(533,NULL,'2019-05-25 06:27:50','192.168.11.31',0,'2019-05-25 06:27:50',36),(534,NULL,'2019-05-25 06:57:49','192.168.11.91',0,'2019-05-25 06:57:49',39),(535,NULL,'2019-05-25 06:57:50','192.168.11.61',3,'2019-05-25 06:57:50',34),(536,NULL,'2019-05-25 06:57:50','192.168.10.4',0,'2019-05-25 06:57:50',1),(537,NULL,'2019-05-25 06:57:50','192.168.11.41',0,'2019-05-25 06:57:50',38),(538,NULL,'2019-05-25 06:57:50','192.168.11.71',1,'2019-05-25 06:57:50',32),(539,NULL,'2019-05-25 06:57:50','192.168.11.21',0,'2019-05-25 06:57:50',35),(540,NULL,'2019-05-25 06:57:50','192.168.11.31',0,'2019-05-25 06:57:50',36),(541,NULL,'2019-05-25 06:57:50','192.168.11.81',0,'2019-05-25 06:57:50',37),(542,NULL,'2019-05-25 07:27:49','192.168.10.4',0,'2019-05-25 07:27:49',1),(543,NULL,'2019-05-25 07:27:49','192.168.11.91',1,'2019-05-25 07:27:49',39),(544,NULL,'2019-05-25 07:27:50','192.168.11.71',0,'2019-05-25 07:27:50',32),(545,NULL,'2019-05-25 07:27:50','192.168.11.41',0,'2019-05-25 07:27:50',38),(546,NULL,'2019-05-25 07:27:50','192.168.11.61',2,'2019-05-25 07:27:50',34),(547,NULL,'2019-05-25 07:27:50','192.168.11.21',0,'2019-05-25 07:27:50',35),(548,NULL,'2019-05-25 07:27:50','192.168.11.81',3,'2019-05-25 07:27:50',37),(549,NULL,'2019-05-25 07:27:51','192.168.11.31',0,'2019-05-25 07:27:51',36),(550,NULL,'2019-05-25 07:57:49','192.168.10.4',0,'2019-05-25 07:57:49',1),(551,NULL,'2019-05-25 07:57:49','192.168.11.81',0,'2019-05-25 07:57:49',37),(552,NULL,'2019-05-25 07:57:50','192.168.11.71',0,'2019-05-25 07:57:50',32),(553,NULL,'2019-05-25 07:57:50','192.168.11.21',0,'2019-05-25 07:57:50',35),(554,NULL,'2019-05-25 07:57:50','192.168.11.41',0,'2019-05-25 07:57:50',38),(555,NULL,'2019-05-25 07:57:50','192.168.11.91',0,'2019-05-25 07:57:50',39),(556,NULL,'2019-05-25 07:57:50','192.168.11.61',0,'2019-05-25 07:57:50',34),(557,NULL,'2019-05-25 07:57:51','192.168.11.31',0,'2019-05-25 07:57:51',36),(558,NULL,'2019-05-25 08:27:49','192.168.10.4',0,'2019-05-25 08:27:49',1),(559,NULL,'2019-05-25 08:27:50','192.168.11.81',0,'2019-05-25 08:27:50',37),(560,NULL,'2019-05-25 08:27:50','192.168.11.21',0,'2019-05-25 08:27:50',35),(561,NULL,'2019-05-25 08:27:50','192.168.11.31',7,'2019-05-25 08:27:50',36),(562,NULL,'2019-05-25 08:27:50','192.168.11.71',0,'2019-05-25 08:27:50',32),(563,NULL,'2019-05-25 08:27:50','192.168.11.41',0,'2019-05-25 08:27:50',38),(564,NULL,'2019-05-25 08:27:50','192.168.11.61',0,'2019-05-25 08:27:50',34),(565,NULL,'2019-05-25 08:27:50','192.168.11.91',0,'2019-05-25 08:27:50',39),(566,NULL,'2019-05-25 08:57:49','192.168.11.21',0,'2019-05-25 08:57:49',35),(567,NULL,'2019-05-25 08:57:49','192.168.11.71',0,'2019-05-25 08:57:49',32),(568,NULL,'2019-05-25 08:57:49','192.168.10.4',0,'2019-05-25 08:57:49',1),(569,NULL,'2019-05-25 08:57:49','192.168.11.61',0,'2019-05-25 08:57:49',34),(570,NULL,'2019-05-25 08:57:49','192.168.11.31',0,'2019-05-25 08:57:49',36),(571,NULL,'2019-05-25 08:57:49','192.168.11.41',0,'2019-05-25 08:57:49',38),(572,NULL,'2019-05-25 08:57:50','192.168.11.51',9,'2019-05-25 08:57:50',33),(573,NULL,'2019-05-25 08:57:50','192.168.11.81',0,'2019-05-25 08:57:50',37),(574,NULL,'2019-05-25 09:27:49','192.168.11.21',6,'2019-05-25 09:27:49',35),(575,NULL,'2019-05-25 09:27:49','192.168.11.31',0,'2019-05-25 09:27:49',36),(576,NULL,'2019-05-25 09:27:49','192.168.11.41',0,'2019-05-25 09:27:49',38),(577,NULL,'2019-05-25 09:27:50','192.168.11.71',0,'2019-05-25 09:27:50',32),(578,NULL,'2019-05-25 09:27:50','192.168.10.4',0,'2019-05-25 09:27:50',1),(579,NULL,'2019-05-25 09:27:50','192.168.11.51',0,'2019-05-25 09:27:50',33),(580,NULL,'2019-05-25 09:27:50','192.168.11.81',0,'2019-05-25 09:27:50',37),(581,NULL,'2019-05-25 09:27:50','192.168.11.61',0,'2019-05-25 09:27:50',34),(582,NULL,'2019-05-25 09:57:49','192.168.11.31',0,'2019-05-25 09:57:49',36),(583,NULL,'2019-05-25 09:57:49','192.168.11.21',1,'2019-05-25 09:57:49',35),(584,NULL,'2019-05-25 09:57:49','192.168.11.51',0,'2019-05-25 09:57:49',33),(585,NULL,'2019-05-25 09:57:49','192.168.10.4',0,'2019-05-25 09:57:49',1),(586,NULL,'2019-05-25 09:57:50','192.168.11.41',0,'2019-05-25 09:57:50',38),(587,NULL,'2019-05-25 09:57:50','192.168.11.71',0,'2019-05-25 09:57:50',32),(588,NULL,'2019-05-25 09:57:50','192.168.11.81',0,'2019-05-25 09:57:50',37),(589,NULL,'2019-05-25 09:57:50','192.168.11.61',0,'2019-05-25 09:57:50',34),(590,NULL,'2019-05-25 10:27:49','192.168.11.81',0,'2019-05-25 10:27:49',37),(591,NULL,'2019-05-25 10:27:49','192.168.10.4',0,'2019-05-25 10:27:49',1),(592,NULL,'2019-05-25 10:27:49','192.168.11.51',0,'2019-05-25 10:27:49',33),(593,NULL,'2019-05-25 10:27:49','192.168.11.71',0,'2019-05-25 10:27:49',32),(594,NULL,'2019-05-25 10:27:50','192.168.11.21',0,'2019-05-25 10:27:50',35),(595,NULL,'2019-05-25 10:27:50','192.168.11.31',0,'2019-05-25 10:27:50',36),(596,NULL,'2019-05-25 10:27:50','192.168.11.41',0,'2019-05-25 10:27:50',38),(597,NULL,'2019-05-25 10:27:50','192.168.11.61',0,'2019-05-25 10:27:50',34),(598,NULL,'2019-05-25 10:57:49','192.168.11.21',1,'2019-05-25 10:57:49',35),(599,NULL,'2019-05-25 10:57:49','192.168.11.41',0,'2019-05-25 10:57:49',38),(600,NULL,'2019-05-25 10:57:49','192.168.10.4',0,'2019-05-25 10:57:49',1),(601,NULL,'2019-05-25 10:57:49','192.168.11.71',0,'2019-05-25 10:57:49',32),(602,NULL,'2019-05-25 10:57:50','192.168.11.51',0,'2019-05-25 10:57:50',33),(603,NULL,'2019-05-25 10:57:50','192.168.11.31',0,'2019-05-25 10:57:50',36),(604,NULL,'2019-05-25 10:57:50','192.168.11.81',0,'2019-05-25 10:57:50',37),(605,NULL,'2019-05-25 10:57:50','192.168.11.61',0,'2019-05-25 10:57:50',34),(606,NULL,'2019-05-25 11:27:49','192.168.11.21',0,'2019-05-25 11:27:49',35),(607,NULL,'2019-05-25 11:27:49','192.168.11.51',4,'2019-05-25 11:27:49',33),(608,NULL,'2019-05-25 11:27:49','192.168.10.4',0,'2019-05-25 11:27:49',1),(609,NULL,'2019-05-25 11:27:49','192.168.11.31',0,'2019-05-25 11:27:49',36),(610,NULL,'2019-05-25 11:27:50','192.168.11.81',0,'2019-05-25 11:27:50',37),(611,NULL,'2019-05-25 11:27:50','192.168.11.71',0,'2019-05-25 11:27:50',32),(612,NULL,'2019-05-25 11:27:50','192.168.11.41',0,'2019-05-25 11:27:50',38),(613,NULL,'2019-05-25 11:27:50','192.168.11.61',0,'2019-05-25 11:27:50',34),(614,NULL,'2019-05-25 11:57:49','192.168.11.31',0,'2019-05-25 11:57:49',36),(615,NULL,'2019-05-25 11:57:49','192.168.11.21',0,'2019-05-25 11:57:49',35),(616,NULL,'2019-05-25 11:57:49','192.168.11.51',0,'2019-05-25 11:57:49',33),(617,NULL,'2019-05-25 11:57:50','192.168.11.71',0,'2019-05-25 11:57:50',32),(618,NULL,'2019-05-25 11:57:50','192.168.11.61',0,'2019-05-25 11:57:50',34),(619,NULL,'2019-05-25 11:57:50','192.168.11.41',0,'2019-05-25 11:57:50',38),(620,NULL,'2019-05-25 11:57:50','192.168.10.4',0,'2019-05-25 11:57:50',1),(621,NULL,'2019-05-25 11:57:50','192.168.11.81',0,'2019-05-25 11:57:50',37),(622,NULL,'2019-05-25 12:27:49','192.168.11.51',0,'2019-05-25 12:27:49',33),(623,NULL,'2019-05-25 12:27:49','192.168.11.31',0,'2019-05-25 12:27:49',36),(624,NULL,'2019-05-25 12:27:49','192.168.11.21',0,'2019-05-25 12:27:49',35),(625,NULL,'2019-05-25 12:27:49','192.168.10.4',0,'2019-05-25 12:27:49',1),(626,NULL,'2019-05-25 12:27:49','192.168.11.61',0,'2019-05-25 12:27:49',34),(627,NULL,'2019-05-25 12:27:49','192.168.11.71',0,'2019-05-25 12:27:49',32),(628,NULL,'2019-05-25 12:27:50','192.168.11.41',0,'2019-05-25 12:27:50',38),(629,NULL,'2019-05-25 12:27:50','192.168.11.81',0,'2019-05-25 12:27:50',37),(630,NULL,'2019-05-25 12:57:48','192.168.11.81',0,'2019-05-25 12:57:48',37),(631,NULL,'2019-05-25 12:57:49','192.168.11.21',0,'2019-05-25 12:57:49',35),(632,NULL,'2019-05-25 12:57:49','192.168.11.41',0,'2019-05-25 12:57:49',38),(633,NULL,'2019-05-25 12:57:49','192.168.11.51',0,'2019-05-25 12:57:49',33),(634,NULL,'2019-05-25 12:57:49','192.168.11.31',0,'2019-05-25 12:57:49',36),(635,NULL,'2019-05-25 12:57:50','192.168.10.4',0,'2019-05-25 12:57:50',1),(636,NULL,'2019-05-25 12:57:50','192.168.11.61',1,'2019-05-25 12:57:50',34),(637,NULL,'2019-05-25 12:57:50','192.168.11.71',0,'2019-05-25 12:57:50',32),(638,NULL,'2019-05-25 13:27:49','192.168.11.31',0,'2019-05-25 13:27:49',36),(639,NULL,'2019-05-25 13:27:49','192.168.11.21',0,'2019-05-25 13:27:49',35),(640,NULL,'2019-05-25 13:27:49','192.168.11.41',0,'2019-05-25 13:27:49',38),(641,NULL,'2019-05-25 13:27:49','192.168.11.51',0,'2019-05-25 13:27:49',33),(642,NULL,'2019-05-25 13:27:50','192.168.10.4',0,'2019-05-25 13:27:50',1),(643,NULL,'2019-05-25 13:27:50','192.168.11.71',0,'2019-05-25 13:27:50',32),(644,NULL,'2019-05-25 13:27:50','192.168.11.81',0,'2019-05-25 13:27:50',37),(645,NULL,'2019-05-25 13:27:50','192.168.11.61',0,'2019-05-25 13:27:50',34),(646,NULL,'2019-05-25 13:57:49','192.168.11.41',0,'2019-05-25 13:57:49',38),(647,NULL,'2019-05-25 13:57:49','192.168.11.21',0,'2019-05-25 13:57:49',35),(648,NULL,'2019-05-25 13:57:49','192.168.11.31',0,'2019-05-25 13:57:49',36),(649,NULL,'2019-05-25 13:57:49','192.168.11.61',0,'2019-05-25 13:57:49',34),(650,NULL,'2019-05-25 13:57:50','192.168.10.4',0,'2019-05-25 13:57:50',1),(651,NULL,'2019-05-25 13:57:50','192.168.11.71',0,'2019-05-25 13:57:50',32),(652,NULL,'2019-05-25 13:57:50','192.168.11.51',0,'2019-05-25 13:57:50',33),(653,NULL,'2019-05-25 13:57:50','192.168.11.81',0,'2019-05-25 13:57:50',37),(654,NULL,'2019-05-25 14:27:49','192.168.11.41',2,'2019-05-25 14:27:49',38),(655,NULL,'2019-05-25 14:27:49','192.168.11.71',0,'2019-05-25 14:27:49',32),(656,NULL,'2019-05-25 14:27:49','192.168.11.51',0,'2019-05-25 14:27:49',33),(657,NULL,'2019-05-25 14:27:49','192.168.11.81',0,'2019-05-25 14:27:49',37),(658,NULL,'2019-05-25 14:27:49','192.168.10.4',0,'2019-05-25 14:27:49',1),(659,NULL,'2019-05-25 14:27:49','192.168.11.21',0,'2019-05-25 14:27:49',35),(660,NULL,'2019-05-25 14:27:49','192.168.11.31',0,'2019-05-25 14:27:49',36),(661,NULL,'2019-05-25 14:27:50','192.168.11.61',0,'2019-05-25 14:27:50',34),(662,NULL,'2019-05-25 14:57:48','192.168.11.21',0,'2019-05-25 14:57:48',35),(663,NULL,'2019-05-25 14:57:49','192.168.11.31',0,'2019-05-25 14:57:49',36),(664,NULL,'2019-05-25 14:57:49','192.168.10.4',0,'2019-05-25 14:57:49',1),(665,NULL,'2019-05-25 14:57:49','192.168.11.51',0,'2019-05-25 14:57:49',33),(666,NULL,'2019-05-25 14:57:49','192.168.11.71',0,'2019-05-25 14:57:49',32),(667,NULL,'2019-05-25 14:57:49','192.168.11.41',0,'2019-05-25 14:57:49',38),(668,NULL,'2019-05-25 14:57:49','192.168.11.61',0,'2019-05-25 14:57:49',34),(669,NULL,'2019-05-25 14:57:50','192.168.11.81',0,'2019-05-25 14:57:50',37);
/*!40000 ALTER TABLE `info_passenger_flow` ENABLE KEYS */;
UNLOCK TABLES;

--
-- Table structure for table `level`
--

DROP TABLE IF EXISTS `level`;
/*!40101 SET @saved_cs_client     = @@character_set_client */;
/*!40101 SET character_set_client = utf8 */;
CREATE TABLE `level` (
  `level_id` int(11) NOT NULL AUTO_INCREMENT,
  `create_time` datetime DEFAULT NULL,
  `level_name` varchar(255) DEFAULT NULL,
  `remark` varchar(255) DEFAULT NULL,
  `status` int(11) DEFAULT NULL,
  PRIMARY KEY (`level_id`)
) ENGINE=MyISAM AUTO_INCREMENT=3 DEFAULT CHARSET=utf8;
/*!40101 SET character_set_client = @saved_cs_client */;

--
-- Dumping data for table `level`
--

LOCK TABLES `level` WRITE;
/*!40000 ALTER TABLE `level` DISABLE KEYS */;
INSERT INTO `level` VALUES (1,'2018-12-20 22:19:26','','just so so',1),(2,'2018-12-20 22:19:26','','',1);
/*!40000 ALTER TABLE `level` ENABLE KEYS */;
UNLOCK TABLES;

--
-- Table structure for table `rest_room`
--

DROP TABLE IF EXISTS `rest_room`;
/*!40101 SET @saved_cs_client     = @@character_set_client */;
/*!40101 SET character_set_client = utf8 */;
CREATE TABLE `rest_room` (
  `rest_room_id` int(11) NOT NULL AUTO_INCREMENT,
  `address` varchar(255) DEFAULT NULL,
  `cleaner` varchar(255) DEFAULT NULL,
  `create_time` datetime DEFAULT NULL,
  `region` varchar(255) DEFAULT NULL,
  `remark` varchar(255) DEFAULT NULL,
  `rest_room_name` varchar(255) DEFAULT NULL,
  `status` int(11) DEFAULT NULL,
  `img` varchar(255) DEFAULT NULL,
  `ip` varchar(255) DEFAULT NULL,
  `latitude` float DEFAULT NULL,
  `longitude` float DEFAULT NULL,
  `update_time` datetime DEFAULT NULL,
  `people_num` int(11) DEFAULT NULL,
  PRIMARY KEY (`rest_room_id`)
) ENGINE=MyISAM AUTO_INCREMENT=41 DEFAULT CHARSET=utf8;
/*!40101 SET character_set_client = @saved_cs_client */;

--
-- Dumping data for table `rest_room`
--

LOCK TABLES `rest_room` WRITE;
/*!40000 ALTER TABLE `rest_room` DISABLE KEYS */;
INSERT INTO `rest_room` VALUES (1,'','','2018-12-20 22:38:02',',,','','',1,'https://ss0.baidu.com/94o3dSag_xI4khGko9WTAnF6hhy/map/pic/item/a9d3fd1f4134970a4f3e0c1398cad1c8a7865db8.jpg','192.168.10.4',29.8349,121.553,'2019-05-25 14:57:49',6),(36,'','','2019-05-05 09:33:16',',,','','',1,'https://ss0.baidu.com/94o3dSag_xI4khGko9WTAnF6hhy/map/pic/item/a9d3fd1f4134970a4f3e0c1398cad1c8a7865db8.jpg','192.168.11.31',29.8022,121.584,'2019-05-25 14:57:49',8),(32,'','','2019-05-05 09:11:53',',,','','',1,'https://ss0.baidu.com/94o3dSag_xI4khGko9WTAnF6hhy/map/pic/item/a9d3fd1f4134970a4f3e0c1398cad1c8a7865db8.jpg','192.168.11.71',29.8318,121.542,'2019-05-25 14:57:49',18),(33,'','','2019-05-05 09:20:00',',,','','',1,'https://ss0.baidu.com/94o3dSag_xI4khGko9WTAnF6hhy/map/pic/item/a9d3fd1f4134970a4f3e0c1398cad1c8a7865db8.jpg','192.168.11.51',29.8192,121.536,'2019-05-25 14:57:49',18),(34,'','','2019-05-05 09:28:07',',,','','',1,'https://ss0.baidu.com/94o3dSag_xI4khGko9WTAnF6hhy/map/pic/item/a9d3fd1f4134970a4f3e0c1398cad1c8a7865db8.jpg','192.168.11.61',29.8016,121.54,'2019-05-25 14:57:49',10),(35,'','','2019-05-05 09:31:42',',,','','',1,'https://ss0.baidu.com/94o3dSag_xI4khGko9WTAnF6hhy/map/pic/item/a9d3fd1f4134970a4f3e0c1398cad1c8a7865db8.jpg','192.168.11.21',29.7936,121.542,'2019-05-25 14:57:48',19),(37,'','','2019-05-05 09:34:44',',,','','',1,'https://ss0.baidu.com/94o3dSag_xI4khGko9WTAnF6hhy/map/pic/item/a9d3fd1f4134970a4f3e0c1398cad1c8a7865db8.jpg','192.168.11.81',29.815,121.604,'2019-05-25 14:57:50',7),(38,'','','2019-05-05 09:36:02',',,','','',1,'https://ss0.baidu.com/94o3dSag_xI4khGko9WTAnF6hhy/map/pic/item/a9d3fd1f4134970a4f3e0c1398cad1c8a7865db8.jpg','192.168.11.41',29.8234,121.59,'2019-05-25 14:57:49',11),(39,'','','2019-05-05 09:36:56',',,','','',1,'https://ss0.baidu.com/94o3dSag_xI4khGko9WTAnF6hhy/map/pic/item/a9d3fd1f4134970a4f3e0c1398cad1c8a7865db8.jpg','192.168.11.91',29.8313,121.596,'2019-05-25 08:27:50',6);
/*!40000 ALTER TABLE `rest_room` ENABLE KEYS */;
UNLOCK TABLES;

--
-- Table structure for table `user`
--

DROP TABLE IF EXISTS `user`;
/*!40101 SET @saved_cs_client     = @@character_set_client */;
/*!40101 SET character_set_client = utf8 */;
CREATE TABLE `user` (
  `user_id` int(11) NOT NULL AUTO_INCREMENT,
  `create_time` datetime DEFAULT NULL,
  `department` varchar(255) DEFAULT NULL,
  `password` varchar(255) DEFAULT NULL,
  `rel_name` varchar(255) DEFAULT NULL,
  `salt` varchar(255) DEFAULT NULL,
  `user_head_url` varchar(255) DEFAULT NULL,
  `user_status` int(11) DEFAULT NULL,
  `username` varchar(255) DEFAULT NULL,
  `level_id` int(11) DEFAULT NULL,
  PRIMARY KEY (`user_id`),
  KEY `FK4do7xomli51oxpc6b5j97jap0` (`level_id`)
) ENGINE=MyISAM AUTO_INCREMENT=2 DEFAULT CHARSET=utf8;
/*!40101 SET character_set_client = @saved_cs_client */;

--
-- Dumping data for table `user`
--

LOCK TABLES `user` WRITE;
/*!40000 ALTER TABLE `user` DISABLE KEYS */;
INSERT INTO `user` VALUES (1,'2019-05-23 20:45:02','','a107ff87e3df1ebe342ef5b75a3b92247e396c7ae27707c1c46df2fbbb0e8e71','','17b3ddf2-70eb-4f0b-9537-78da7ba90a2f','https://upload.jianshu.io/users/upload_avatars/6639127/07e46067-9c7b-4df9-9c1f-b590818e295b.jpg',1,'baymin',2);
/*!40000 ALTER TABLE `user` ENABLE KEYS */;
UNLOCK TABLES;
/*!40103 SET TIME_ZONE=@OLD_TIME_ZONE */;

/*!40101 SET SQL_MODE=@OLD_SQL_MODE */;
/*!40014 SET FOREIGN_KEY_CHECKS=@OLD_FOREIGN_KEY_CHECKS */;
/*!40014 SET UNIQUE_CHECKS=@OLD_UNIQUE_CHECKS */;
/*!40101 SET CHARACTER_SET_CLIENT=@OLD_CHARACTER_SET_CLIENT */;
/*!40101 SET CHARACTER_SET_RESULTS=@OLD_CHARACTER_SET_RESULTS */;
/*!40101 SET COLLATION_CONNECTION=@OLD_COLLATION_CONNECTION */;
/*!40111 SET SQL_NOTES=@OLD_SQL_NOTES */;

-- Dump completed on 2019-05-25 15:09:19
